Foi um presente. O produto ficou abaixo do esperado.	0
Péssimo custo benefício	0
Comprei na semana passada. O aplicativo é maravilhoso.	1
Foi um presente. O produto é muito ruim.	0
O atendimento é confiável e bonito.	1
Comprei para o trabalho. O atendimento não funciona direito.	0
Tudo errado, nota zero	0
O pedido é confiável e bonito.	1
Testei hoje. O preço é muito bom.	1
Entrega atrasou e ninguém respondeu	0
Usei por duas semanas. O aplicativo não recomendo.	0
Testei hoje. O aplicativo é simples e prático.	1
O atendimento é péssimo.	0
Comprei na semana passada. O produto é excelente.	1
O aplicativo é péssimo.	0
Comprei para o trabalho. O preço foi lento e confuso.	0
Aplicativo rápido e intuitivo, adorei	1
O preço funciona perfeitamente.	1
Pedi pelo aplicativo. O preço é instável e feio.	0
Comprei para o trabalho. O preço é ótimo.	1
O produto é excelente.	1
Testei hoje. O aplicativo foi lento e confuso.	0
Pedi pelo aplicativo. O aplicativo é excelente.	1
O preço é confiável e bonito.	1
O produto não funciona direito.	0
Testei hoje. O preço é horrível.	0
Comprei para o trabalho. O atendimento recomendo.	1
Pedi pelo aplicativo. O aplicativo é péssimo.	0
Usei por duas semanas. O suporte é péssimo.	0
O aplicativo é excelente.	1
Usei por duas semanas. O suporte é decepcionante.	0
Muito confortável e bem feito	1
Recebi em casa. O atendimento superou o esperado.	1
O preço é maravilhoso.	1
Usei por duas semanas. O pedido ficou abaixo do esperado.	0
O produto é maravilhoso.	1
Foi um presente. O aplicativo é péssimo.	0
Pedi pelo aplicativo. O preço é ótimo.	1
Entrega impecável e produto de qualidade	1
O suporte não recomendo.	0
O aplicativo é instável e feio.	0
Equipe despreparada e solução ineficiente	0
O aplicativo valeu a pena.	1
Pedi pelo aplicativo. O atendimento é decepcionante.	0
Comprei na semana passada. O suporte valeu a pena.	1
O atendimento não recomendo.	0
Atendimento rápido e problema resolvido	1
Testei hoje. O aplicativo é maravilhoso.	1
Testei hoje. O produto é confiável e bonito.	1
Não gostei, produto de péssima qualidade	0
Recebi em casa. O aplicativo é péssimo.	0
O aplicativo recomendo.	1
Pedi pelo aplicativo. O preço foi lento e confuso.	0
Pedi pelo aplicativo. O aplicativo é simples e prático.	1
Atendente mal educado e impaciente	0
O produto é decepcionante.	0
Chegou ontem. O aplicativo é péssimo.	0
Muito bom, vale cada centavo	1
Usei por duas semanas. O pedido é maravilhoso.	1
O atendimento não valeu a pena.	0
O atendimento recomendo.	1
O preço não funciona direito.	0
Testei hoje. O preço foi rápido e eficiente.	1
Chegou ontem. O suporte é ótimo.	1
Qualidade ruim, não recomendo	0
O suporte não valeu a pena.	0
Comprei para o trabalho. O aplicativo é de ótima qualidade.	1
Recebi em casa. O preço é muito ruim.	0
Testei hoje. O aplicativo é decepcionante.	0
O suporte superou o esperado.	1
O atendimento é horrível.	0
Comprei na semana passada. O preço é decepcionante.	0
Testei hoje. O aplicativo superou o esperado.	1
O produto é ótimo.	1
Comprei para o trabalho. O preço é péssimo.	0
Pedi pelo aplicativo. O preço é excelente.	1
Testei hoje. O suporte é maravilhoso.	1
Comprei para o trabalho. O pedido é horrível.	0
Testei hoje. O pedido é simples e prático.	1
Não funciona, perdi meu dinheiro	0
O atendimento é complicado e frágil.	0
O produto é muito ruim.	0
Testei hoje. O aplicativo é muito bom.	1
Testei hoje. O suporte é complicado e frágil.	0
O atendimento é ótimo.	1
O preço é decepcionante.	0
Superou o esperado, parabéns à loja	1
O atendimento é maravilhoso.	1
O pedido é simples e prático.	1
Compra frustrante, nunca mais volto	0
Chegou ontem. O produto é horrível.	0
Comprei na semana passada. O suporte é de ótima qualidade.	1
Comprei na semana passada. O atendimento foi lento e confuso.	0
O preço superou o esperado.	1
Gostei muito, produto de primeira linha	1
Comprei na semana passada. O produto é horrível.	0
Chegou ontem. O suporte é de baixa qualidade.	0
Terrível, pedi reembolso	0
O preço recomendo.	1
O aplicativo não valeu a pena.	0
O pedido superou o esperado.	1
Pedi pelo aplicativo. O produto é péssimo.	0
Bateria dura o dia inteiro, estou satisfeito	1
Recebi em casa. O produto recomendo.	1
Testei hoje. O pedido é confiável e bonito.	1
Muito abaixo do esperado, uma decepção	0
O aplicativo é complicado e frágil.	0
Comprei para o trabalho. O suporte é simples e prático.	1
Usei por duas semanas. O pedido é instável e feio.	0
Usei por duas semanas. O produto recomendo.	1
O atendimento ficou abaixo do esperado.	0
Pedi pelo aplicativo. O suporte é decepcionante.	0
Funciona muito bem e é fácil de usar	1
Foi um presente. O preço é ótimo.	1
Pedi pelo aplicativo. O aplicativo ficou abaixo do esperado.	0
Comprei para o trabalho. O produto recomendo.	1
Pedi pelo aplicativo. O atendimento é simples e prático.	1
O produto não recomendo.	0
Comprei para o trabalho. O suporte é confiável e bonito.	1
O produto valeu a pena.	1
O atendimento é instável e feio.	0
O suporte é muito ruim.	0
Pedi pelo aplicativo. O aplicativo é muito bom.	1
Recebi em casa. O suporte ficou abaixo do esperado.	0
Chegou ontem. O suporte é decepcionante.	0
Foi um presente. O aplicativo é simples e prático.	1
O preço foi lento e confuso.	0
Ótima qualidade, recomendo a todos	1
Foi um presente. O preço foi rápido e eficiente.	1
Chegou ontem. O aplicativo recomendo.	1
O suporte é horrível.	0
Testei hoje. O suporte é muito bom.	1
Foi um presente. O aplicativo não valeu a pena.	0
Comprei na semana passada. O suporte foi rápido e eficiente.	1
Muito caro para o que oferece	0
Comprei para o trabalho. O aplicativo ficou abaixo do esperado.	0
Testei hoje. O suporte é de baixa qualidade.	0
Instalação simples, funcionou de primeira	1
Recebi em casa. O aplicativo é simples e prático.	1
Usei por duas semanas. O produto é muito ruim.	0
Comprei para o trabalho. O aplicativo é muito bom.	1
Recebi em casa. O suporte é péssimo.	0
Simples de configurar e muito estável	1
Comprei na semana passada. O pedido superou o esperado.	1
Comprei na semana passada. O preço valeu a pena.	1
Produto excelente, superou minhas expectativas	1
Recebi em casa. O aplicativo não recomendo.	0
Testei hoje. O produto é de ótima qualidade.	1
Foi um presente. O produto não recomendo.	0
Chegou ontem. O suporte é de ótima qualidade.	1
Tudo perfeito, nota dez	1
Comprei para o trabalho. O pedido é péssimo.	0
O pedido foi lento e confuso.	0
Ficou horrível, minha família reclamou	0
Comprei na semana passada. O aplicativo superou o esperado.	1
Pedi pelo aplicativo. O produto é de baixa qualidade.	0
Pedi pelo aplicativo. O pedido funciona perfeitamente.	1
Comprei para o trabalho. O pedido é complicado e frágil.	0
Foi um presente. O pedido é excelente.	1
O pedido é muito bom.	1
Desconfortável e mal feito	0
Foi um presente. O produto não funciona direito.	0
Usei por duas semanas. O aplicativo é simples e prático.	1
O preço é complicado e frágil.	0
O atendimento é de baixa qualidade.	0
Recebi em casa. O pedido é muito bom.	1
O pedido é muito ruim.	0
O aplicativo é muito ruim.	0
O atendimento foi rápido e eficiente.	1
Foi um presente. O suporte é muito bom.	1
Recebi em casa. O suporte é decepcionante.	0
Recebi em casa. O aplicativo é muito bom.	1
Pedi pelo aplicativo. O suporte recomendo.	1
Usei por duas semanas. O preço é complicado e frágil.	0
Foi um presente. O aplicativo superou o esperado.	1
Aplicativo lento e cheio de erros	0
Comprei para o trabalho. O atendimento é muito ruim.	0
O suporte é decepcionante.	0
Qualidade surpreendente pelo preço	1
O atendimento funciona perfeitamente.	1
Comprei para o trabalho. O produto é decepcionante.	0
O atendimento é muito bom.	1
Chegou ontem. O produto é decepcionante.	0
Entrega rápida e embalagem perfeita	1
O produto é confiável e bonito.	1
O pedido é de ótima qualidade.	1
Equipe simpática e solução eficiente	1
O preço não valeu a pena.	0
Comprei na semana passada. O suporte superou o esperado.	1
Comprei para o trabalho. O atendimento foi lento e confuso.	0
O aplicativo superou o esperado.	1
Excelente custo benefício	1
Chegou ontem. O atendimento foi lento e confuso.	0
O preço é horrível.	0
Acabamento fraco e cheiro estranho	0
O suporte valeu a pena.	1
O atendimento não funciona direito.	0
O aplicativo é de ótima qualidade.	1
Testei hoje. O suporte não funciona direito.	0
Bom demais, recomendo sem dúvida	1
Comprei na semana passada. O suporte é ótimo.	1
O pedido funciona perfeitamente.	1
Adorei o atendimento, muito atencioso	1
O preço é péssimo.	0
O suporte é simples e prático.	1
O pedido é complicado e frágil.	0
Pedi pelo aplicativo. O preço é de ótima qualidade.	1
Usei por duas semanas. O preço é instável e feio.	0
Comprei na semana passada. O pedido é complicado e frágil.	0
O atendimento é de ótima qualidade.	1
O produto foi rápido e eficiente.	1
Chegou ontem. O aplicativo não recomendo.	0
Testei hoje. O aplicativo valeu a pena.	1
Foi um presente. O aplicativo é confiável e bonito.	1
O atendimento é decepcionante.	0
Recebi em casa. O produto é excelente.	1
O preço é ótimo.	1
O aplicativo ficou abaixo do esperado.	0
Foi um presente. O pedido não recomendo.	0
Chegou ontem. O pedido foi rápido e eficiente.	1
Recebi em casa. O pedido não valeu a pena.	0
Usei por duas semanas. O preço ficou abaixo do esperado.	0
Chegou ontem. O produto funciona perfeitamente.	1
Foi um presente. O suporte não funciona direito.	0
Produto diferente do anúncio, enganoso	0
Comprei para o trabalho. O aplicativo é ótimo.	1
O pedido recomendo.	1
Material resistente e bonito	1
Foi um presente. O produto não valeu a pena.	0
Comprei para o trabalho. O aplicativo é maravilhoso.	1
Testei hoje. O pedido é de baixa qualidade.	0
O aplicativo é ótimo.	1
Entrega desorganizada e produto com defeito	0
Usei por duas semanas. O suporte foi lento e confuso.	0
O suporte é instável e feio.	0
Funcionou muito bem desde o primeiro dia	1
Comprei na semana passada. O produto foi rápido e eficiente.	1
Recebi em casa. O aplicativo é decepcionante.	0
Comprei para o trabalho. O pedido funciona perfeitamente.	1
Usei por duas semanas. O aplicativo não funciona direito.	0
Suporte demorado e sem solução	0
O pedido é maravilhoso.	1
O aplicativo foi rápido e eficiente.	1
Tela linda e desempenho ótimo	1
Chegou ontem. O preço ficou abaixo do esperado.	0
Pedi pelo aplicativo. O pedido recomendo.	1
Testei hoje. O pedido é horrível.	0
O aplicativo é maravilhoso.	1
Suporte muito prestativo e educado	1
Chegou ontem. O aplicativo não valeu a pena.	0
O pedido não valeu a pena.	0
Chegou danificado e a loja não resolveu	0
Recebi em casa. O preço é simples e prático.	1
Testei hoje. O preço não valeu a pena.	0
Pedi pelo aplicativo. O atendimento é maravilhoso.	1
Chegou ontem. O pedido não valeu a pena.	0
Chegou ontem. O produto é maravilhoso.	1
Pedi pelo aplicativo. O produto valeu a pena.	1
O preço é de baixa qualidade.	0
Comprei na semana passada. O produto é péssimo.	0
O atendimento é simples e prático.	1
Usei por duas semanas. O suporte é muito ruim.	0
Chegou ontem. O preço não valeu a pena.	0
Comprei na semana passada. O preço é maravilhoso.	1
Chegou ontem. O pedido é complicado e frágil.	0
Comprei na semana passada. O preço não recomendo.	0
O suporte funciona perfeitamente.	1
O suporte é excelente.	1
Chegou ontem. O preço é instável e feio.	0
O aplicativo funciona perfeitamente.	1
O suporte é ótimo.	1
O produto é péssimo.	0
Chegou ontem. O suporte funciona perfeitamente.	1
Chegou antes do prazo, tudo certo	1
Comprei na semana passada. O pedido ficou abaixo do esperado.	0
Recebi em casa. O pedido é de baixa qualidade.	0
Material frágil e feio	0
O suporte recomendo.	1
O preço não recomendo.	0
Pedi pelo aplicativo. O suporte é muito bom.	1
O aplicativo é horrível.	0
Tela com defeito e desempenho lento	0
O pedido foi rápido e eficiente.	1
Usei por duas semanas. O atendimento superou o esperado.	1
Compra segura, voltarei a comprar	1
Recebi em casa. O aplicativo é instável e feio.	0
Usei por duas semanas. O pedido foi rápido e eficiente.	1
Testei hoje. O preço foi lento e confuso.	0
Comprei na semana passada. O aplicativo é excelente.	1
Difícil de configurar e instável	0
O produto ficou abaixo do esperado.	0
O suporte é péssimo.	0
Maravilhoso, comprarei novamente	1
O suporte é maravilhoso.	1
O suporte ficou abaixo do esperado.	0
O preço é excelente.	1
O aplicativo não funciona direito.	0
Bateria descarrega muito rápido, decepcionante	0
O suporte é de ótima qualidade.	1
Pedi pelo aplicativo. O aplicativo valeu a pena.	1
Produto igual ao anúncio, perfeito	1
Recebi em casa. O produto é complicado e frágil.	0
O pedido valeu a pena.	1
Comprei para o trabalho. O produto não valeu a pena.	0
Usei por duas semanas. O preço funciona perfeitamente.	1
Recebi em casa. O pedido é muito ruim.	0
O suporte foi lento e confuso.	0
O pedido é ótimo.	1
O produto é muito bom.	1
Testei hoje. O pedido ficou abaixo do esperado.	0
O pedido é excelente.	1
O produto superou o esperado.	1
O pedido é instável e feio.	0
Chegou ontem. O produto é simples e prático.	1
O produto funciona perfeitamente.	1
O suporte não funciona direito.	0
O suporte é de baixa qualidade.	0
O preço é muito bom.	1
O preço ficou abaixo do esperado.	0
Chegou ontem. O atendimento é instável e feio.	0
Chegou ontem. O pedido é muito bom.	1
Pedi pelo aplicativo. O produto ficou abaixo do esperado.	0
Atendimento horrível, fui ignorado	0
O suporte é confiável e bonito.	1
Comprei na semana passada. O atendimento superou o esperado.	1
Qualidade decepcionante pelo preço	0
O pedido não recomendo.	0
Pedi pelo aplicativo. O pedido é ótimo.	1
Recebi em casa. O produto é horrível.	0
Pedi pelo aplicativo. O atendimento é muito bom.	1
Gostei bastante do acabamento	1
O produto é complicado e frágil.	0
Testei hoje. O preço é péssimo.	0
Instalação complicada e travou várias vezes	0
O aplicativo é muito bom.	1
Comprei na semana passada. O preço é de baixa qualidade.	0
Chegou ontem. O suporte é simples e prático.	1
Pedi pelo aplicativo. O aplicativo não funciona direito.	0
Parou de funcionar no primeiro dia	0
O preço foi rápido e eficiente.	1
O produto é simples e prático.	1
Produto péssimo, quebrou em uma semana	0
O produto é horrível.	0
Usei por duas semanas. O produto foi rápido e eficiente.	1
Comprei na semana passada. O suporte é decepcionante.	0
Comprei na semana passada. O aplicativo é confiável e bonito.	1
Ruim demais, não recomendo	0
Recebi em casa. O suporte é horrível.	0
O pedido ficou abaixo do esperado.	0
Ficou ótimo, minha família gostou	1
Chegou ontem. O preço é excelente.	1
Chegou ontem. O atendimento é decepcionante.	0
Pedi pelo aplicativo. O atendimento é de ótima qualidade.	1
Comprei para o trabalho. O preço é complicado e frágil.	0
O preço é de ótima qualidade.	1
O atendimento é excelente.	1
O atendimento é muito ruim.	0
Recebi em casa. O pedido é complicado e frágil.	0
Recebi em casa. O aplicativo valeu a pena.	1
O produto foi lento e confuso.	0
